film_id,imdb_id,title,release_date,release_year,runtime_min,genres,budget_usd,domestic_gross_usd,intl_gross_usd,worldwide_gross_usd,imdb_rating,metascore,rt_critics,awards_raw,production_companies,seed_source,resolution_confidence,missing_fields
124461.0,tt2044729,A Glimpse Inside the Mind of Charles Swan III,2013-02-08,2013,86.0,Comedy|Drama,12000000.0,45350.0,165215.0,210565.0,4.6,28.0,16.0,1 nomination total,American Zoetrope|The Directors Bureau,wiki,search_exact,
122081.0,tt2101441,Spring Breakers,2013-03-06,2013,94.0,Drama|Crime,5000000.0,14124284.0,17891843.0,32016127.0,5.3,63.0,67.0,14 wins & 35 nominations total,Iconoclast|Rabbit Bandini Productions|Division Films|Muse Productions|O' Salvation|MJZ|Pop Films|Radar Pictures,wiki,search_exact,
96936.0,tt2132285,The Bling Ring,2013-06-12,2013,90.0,Drama|Crime,15000000.0,5845732.0,13300000.0,19145732.0,5.6,66.0,59.0,4 wins & 7 nominations total,American Zoetrope|NALA Films|Pathé,wiki,search_exact,
157386.0,tt1714206,The Spectacular Now,2013-08-02,2013,95.0,Comedy|Drama|Romance,2500000.0,6854611.0,0.0,6854611.0,7.0,82.0,92.0,9 wins & 32 nominations total,Global Produce|21 Laps Entertainment|Andrew Lauren Productions,wiki,search_exact,
181886.0,tt2316411,Enemy,2014-03-14,2014,91.0,Thriller|Mystery,3500000.0,1008726.0,2388000.0,3396726.0,6.9,61.0,73.0,17 wins & 23 nominations total,Rhombus Media|Roxbury Pictures|Mecanismo Films|micro_scope|Entertainment One|Pathé,wiki,search_exact,
97370.0,tt1441395,Under the Skin,2014-03-14,2014,108.0,Thriller|Science Fiction|Drama,13300000.0,2614251.0,4615682.0,7229933.0,6.3,83.0,83.0,Nominated for 2 BAFTA 23 wins & 113 nominations total,Film4 Productions|BFI|Nick Wechsler Productions|JW Films|Sigma Films|Silver Reel|Creative Scotland|Seventh Kingdom Productions,wiki,search_exact,
210479.0,tt2692904,Locke,2014-04-10,2014,85.0,Drama|Thriller,2000000.0,1375769.0,3259531.0,4635300.0,7.1,83.0,91.0,7 wins & 33 nominations total,IM Global|Shoebox Films,wiki,search_exact,
157845.0,tt2345737,The Rover,2014-06-04,2014,103.0,Crime|Drama,12250000.0,1114423.0,1395584.0,2510007.0,6.4,64.0,67.0,3 wins & 19 nominations total,Porchlight Films|Screen Australia|Screen NSW|Blue-Tongue Films|Lava Bear Films|South Australian Film Corporation,wiki,search_exact,
248774.0,tt2910274,Obvious Child,2014-06-06,2014,85.0,Comedy|Romance,1000000.0,3123963.0,0.0,3123963.0,6.7,76.0,90.0,10 wins & 29 nominations total,Sundial Pictures|Votiv Films|Rooks Nest Entertainment,wiki,search_exact,
244566.0,tt2581244,Life After Beth,2014-08-15,2014,89.0,Romance|Comedy|Horror,2400000.0,88273.0,0.0,88273.0,5.7,50.0,46.0,6 nominations total,Abbolita Productions|Starstream Entertainment|Destro Films|American Zoetrope,wiki,search_exact,
244761.0,tt2326612,The Captive,2014-09-05,2014,112.0,Drama|Thriller|Crime,,1075178.0,0.0,1075178.0,5.9,36.0,28.0,1 win & 9 nominations total,The Film Farm|Ego Film Arts,wiki,search_exact,budget_usd
246403.0,tt3099498,Tusk,2014-09-19,2014,102.0,Comedy|Horror,3000000.0,1826705.0,55369.0,1882074.0,5.4,55.0,45.0,2 wins & 7 nominations total,Phase 4 Films|Demarest Films|SModcast Pictures,wiki,search_exact,
244264.0,tt2034031,Laggies,2014-09-25,2014,100.0,Comedy|Drama|Romance,5000000.0,1066981.0,1312173.0,2379154.0,6.4,63.0,64.0,1 win & 1 nomination total,Anonymous Content|Merced Media Partners|PenLife Media,wiki,search_exact,
276902.0,tt1661820,Cut Bank,2014-10-04,2014,94.0,Crime|Drama|Mystery|Thriller,5000000.0,,,288591.0,6.1,44.0,39.0,2 wins & 3 nominations total,Kilburn Media,wiki,search_exact,domestic_gross_usd
294652.0,tt2452200,Son of a Gun,2014-10-16,2014,108.0,Action|Crime|Drama|Thriller,12000000.0,,,660241.0,6.4,49.0,63.0,2 nominations total,Media House Capital|Altitude Film Entertainment|Daydream Productions|Bridle Path Films|Southern Light Films|WBMC|Screen Australia|ScreenWest|Lotterywest|Screen NSW|Hopscotch Entertainment One,wiki,search_exact,domestic_gross_usd
286709.0,tt1396523,Revenge of the Green Dragons,2014-10-31,2014,95.0,Drama|Action|Crime,5000000.0,,,107412.0,5.3,36.0,16.0,,Artfire Films|The 7th Floor|Initial A Entertainment|IM Global Octane|Sikelia Productions|Golden Scene Company Limited,wiki,search_exact,"domestic_gross_usd,awards_raw"
241239.0,tt2937898,A Most Violent Year,2014-12-31,2014,125.0,Crime|Drama|Thriller,20000000.0,5749134.0,6257936.0,12007070.0,6.9,79.0,89.0,15 wins & 52 nominations total,Participant|Image Nation Abu Dhabi|FilmNation Entertainment|Before the Door Pictures|Washington Square Films|Old Bull Pictures|CounterNarrative Films,wiki,search_exact,
264660.0,tt0470752,Ex Machina,2015-01-21,2015,108.0,Drama|Science Fiction,15000000.0,25442958.0,11426456.0,36869414.0,7.7,78.0,92.0,Won 1 Oscar. 74 wins & 162 nominations total,DNA Films|Film4 Productions|IAC Films|Scott Rudin Productions,wiki,search_exact,
681606.0,tt13206992,"NYC, 1981",2015-01-29,2015,6.0,Documentary,,,,,,,,,A24,tmdb,discover_only,"budget_usd,domestic_gross_usd,worldwide_gross_usd,imdb_rating,metascore,rt_critics,awards_raw"
252512.0,tt1791682,While We're Young,2015-03-27,2015,97.0,Comedy|Drama,10000000.0,7587485.0,9699824.0,17287309.0,6.3,77.0,84.0,1 win & 3 nominations total,Scott Rudin Productions|IAC Films,wiki,search_exact,
182560.0,tt2402101,Dark Places,2015-04-08,2015,113.0,Thriller|Mystery|Drama|Crime,20000000.0,208588.0,4882264.0,5090852.0,6.2,39.0,23.0,,Denver & Delilah Productions|Mandalay Vision|Exclusive Media|Hugo Productions|Cuatro Plus Films|Da Vinci Media Ventures|Daryl Prince Productions,wiki,search_exact,awards_raw
248574.0,tt1731701,Barely Lethal,2015-04-23,2015,98.0,Action|Comedy|Adventure|Romance,15000000.0,6075.0,927772.0,933847.0,5.4,44.0,26.0,,RKO Pictures|RatPac Entertainment|Highland Film Group,wiki,search_exact,awards_raw
223485.0,tt3205376,Slow West,2015-05-15,2015,84.0,Western|Drama|Adventure|Romance|Thriller,2000000.0,229094.0,1388428.0,1617522.0,6.9,72.0,92.0,7 wins & 20 nominations total,Film4 Productions|BFI|New Zealand Film Commission|Cross City Films|HanWay Films|DMC Film|See-Saw Films,wiki,search_exact,
331781.0,tt2870648,Amy,2015-07-02,2015,128.0,Documentary|Music,,8413144.0,15293242.0,23706386.0,7.8,85.0,96.0,Won 1 Oscar. 51 wins & 47 nominations total,On the Corner Films|Globe Productions|Film4 Productions,wiki,search_exact,budget_usd
309242.0,tt2349144,Mississippi Grind,2015-07-04,2015,108.0,Comedy|Drama,7100000.0,130541.0,0.0,130541.0,6.4,77.0,91.0,2 wins & 3 nominations total,Electric City Entertainment|Sycamore Pictures|Gowanus Projections,wiki,search_exact,
301875.0,tt3289728,Equals,2015-07-15,2015,102.0,Drama|Romance|Science Fiction,16000000.0,33258.0,2051370.0,2084628.0,6.0,43.0,36.0,1 win & 5 nominations total,Infinite Studios|Freedom Media|Route One Entertainment|Scott Free Productions,wiki,search_exact,
249688.0,tt3416744,The End of the Tour,2015-07-31,2015,106.0,Drama,,3002884.0,0.0,3002884.0,7.2,82.0,92.0,4 wins & 18 nominations total,Anonymous Content|Kilburn Media|Modern Man Films,wiki,search_exact,budget_usd
254320.0,tt3464902,The Lobster,2015-10-15,2015,119.0,Comedy|Drama|Romance,4000000.0,9077245.0,6622755.0,15700000.0,7.1,82.0,87.0,Nominated for 1 Oscar. 33 wins & 84 nominations total,Scarlet Films|Haut et Court|Eurimages|Lemming Film|Element Pictures|Nederlands Fonds voor de Film|Greek Film Centre|Faliro House Productions|Limp|Film4 Productions|Protagonist Pictures,wiki,search_exact,
264644.0,tt3170832,Room,2015-10-16,2015,118.0,Drama|Thriller,13000000.0,14677654.0,20724104.0,35401758.0,8.1,86.0,93.0,Won 1 Oscar. 108 wins & 143 nominations total,Téléfilm Canada|Element Pictures|FilmNation Entertainment|No Trace Camping|Film4 Productions|Fís Éireann/Screen Ireland,wiki,search_exact,
302528.0,tt3704050,Remember,2015-10-23,2015,94.0,Drama|Thriller|Mystery,9600000.0,1184564.0,802051.0,1986615.0,7.5,52.0,68.0,7 wins & 24 nominations total,Serendipity Point Films|Distant Horizon|Detalle Films|Egoli Tossell Film|Téléfilm Canada,wiki,search_exact,
237584.0,tt2322517,Mojave,2016-01-22,2016,93.0,Thriller|Action|Adventure,,8253.0,349.0,8602.0,5.2,41.0,,,Atlas Independent|Henceforth Pictures|MICA Entertainment|Highland Film Group,wiki,search_exact,"budget_usd,rt_critics,awards_raw"
310131.0,tt4263482,The Witch,2016-02-19,2016,92.0,Horror,4000000.0,25138705.0,15285240.0,40423945.0,7.0,84.0,91.0,43 wins & 72 nominations total,Very Special Projects|Parts & Labor|RT Features|Rooks Nest Entertainment|Maiden Voyage Pictures|Pulse Films|Scythia Films|Code Red Productions|Mott Street Pictures,wiki,search_exact,
323929.0,tt4266638,Krisha,2016-03-18,2016,82.0,Drama,30000.0,144822.0,0.0,144822.0,7.1,86.0,95.0,17 wins & 28 nominations total,Hoody Boy Productions,wiki,search_exact,
313922.0,tt4062536,Green Room,2016-04-15,2016,95.0,Horror|Crime|Thriller,5000000.0,3220371.0,579629.0,3800000.0,7.0,79.0,90.0,8 wins & 25 nominations total,filmscience|Broad Green Pictures,wiki,search_exact,
274504.0,tt1735907,The Adderall Diaries,2016-04-15,2016,87.0,Thriller|Romance|Drama,,13191.0,2173.0,15364.0,5.1,42.0,26.0,3 nominations total,Rabbit Bandini Productions|Windowseat Films,wiki,search_exact,budget_usd
291351.0,tt3450900,The Sea of Trees,2016-04-27,2016,110.0,Drama,25000000.0,20444.0,888556.0,909000.0,6.1,23.0,19.0,2 nominations total,Waypoint Entertainment|Bloom|Netter Productions,wiki,search_exact,
334538.0,tt2625810,Into the Forest,2016-06-03,2016,101.0,Drama|Science Fiction,,9995.0,0.0,9995.0,5.8,59.0,76.0,2 wins & 3 nominations total,Rhombus Media|Bron Studios,wiki,search_exact,budget_usd
355254.0,tt1683048,De Palma,2016-06-10,2016,108.0,Documentary,,165237.0,,,7.4,83.0,95.0,1 win & 4 nominations total,Boxmotion|Empire Ward,wiki,search_exact,"budget_usd,worldwide_gross_usd"
347031.0,tt4034354,Swiss Army Man,2016-06-24,2016,97.0,Comedy|Drama|Romance|Fantasy|Adventure,3000000.0,4210454.0,1589546.0,5800000.0,6.9,64.0,73.0,8 wins & 31 nominations total,BlackBird|Tadmor|Astrakan Films|Cold Iron Pictures|Prettybird,wiki,search_exact,
352890.0,tt3652862,Morris from America,2016-08-19,2016,89.0,Drama|Romance,,91151.0,0.0,91151.0,6.3,75.0,87.0,3 wins & 12 nominations total,Beachside Films|Lichtblick Media|INDI FILM,wiki,search_exact,budget_usd
340485.0,tt3721936,American Honey,2016-09-30,2016,163.0,Drama,3500000.0,663246.0,1627403.0,2290649.0,7.0,80.0,79.0,Nominated for 1 BAFTA Award13 wins & 43 nominations total,BFI|Maven Screen Media|Film4 Productions|Parts & Labor|Pulse Films,wiki,search_exact,
412924.0,tt5213534,Supersonic,2016-10-02,2016,117.0,Music|Documentary|History,,242867.0,-16581.0,226286.0,7.8,71.0,84.0,2 wins & 2 nominations total,On the Corner Films|NEMPEROR|Lorton Entertainment|Mint Pictures,wiki,search_top_result,budget_usd
256569.0,tt3305308,Trespass Against Us,2016-10-14,2016,99.0,Action|Crime|Drama,,5711.0,511486.0,517197.0,5.8,50.0,56.0,2 wins & 11 nominations total,Potboiler Productions|Protagonist Pictures|Albert Granville|Animal Kingdom|Film4 Productions,wiki,search_exact,budget_usd
376867.0,tt4975722,Moonlight,2016-10-21,2016,111.0,Drama,4000000.0,27854932.0,37191755.0,65046687.0,7.4,99.0,98.0,Won 3 Oscars. 235 wins & 310 nominations total,A24|Plan B Entertainment|PASTEL,both,discover_title_match,
340103.0,tt3976144,The Monster,2016-11-11,2016,91.0,Horror|Drama,2700000.0,12544.0,61456.0,74000.0,5.4,69.0,81.0,6 nominations total,Atlas Independent|Unbroken Pictures,wiki,search_exact,
429126.0,tt5861260,Reggie Watts: Spatial,2016-12-06,2016,61.0,Comedy,,,,,6.0,,,,A24|Sunset Rose Pictures,tmdb,discover_only,"budget_usd,domestic_gross_usd,worldwide_gross_usd,metascore,rt_critics,awards_raw"
342737.0,tt4385888,20th Century Women,2016-12-28,2016,119.0,Drama,7000000.0,5664764.0,0.0,5664764.0,7.3,83.0,88.0,Nominated for 1 Oscar. 15 wins & 82 nominations total,Annapurna Pictures|Archer Gray|Modern People,wiki,search_exact,
434501.0,tt6431716,Toru,2017-01-19,2017,14.0,Science Fiction,,,,,7.8,,,1 nomination,A24,tmdb,discover_only,"budget_usd,domestic_gross_usd,worldwide_gross_usd,metascore,rt_critics"
443411.0,tt6669086,Jerrod Carmichael: 8,2017-03-11,2017,59.0,Comedy,,,,,7.4,,,,A24|HBO,tmdb,discover_only,"budget_usd,domestic_gross_usd,worldwide_gross_usd,metascore,rt_critics,awards_raw"
371638.0,tt3521126,The Disaster Artist,2017-03-12,2017,104.0,Comedy|Drama,10000000.0,21120616.0,8700000.0,29820616.0,7.3,76.0,90.0,Nominated for 1 Oscar. 32 wins & 84 nominations total,New Line Cinema|Rabbit Bandini Productions|Point Grey Pictures|Good Universe|RatPac Entertainment|Ramona Films,wiki,search_exact,
334536.0,tt3286052,The Blackcoat's Daughter,2017-03-31,2017,94.0,Horror|Mystery,,20435.0,123110.0,143545.0,5.9,68.0,77.0,6 nominations total,Zed Filmworks|Unbroken Pictures|Go Insane Films|Traveling Picture Show Company|120dB Films|Highland Film Group|Paris Film,wiki,search_exact,budget_usd
334521.0,tt4158096,Free Fire,2017-03-31,2017,91.0,Action|Crime|Mystery,7000000.0,1799312.0,1920071.0,3719383.0,6.3,63.0,69.0,3 wins & 9 nominations total,Rook Films|Protagonist Pictures|Film4 Productions,wiki,search_exact,
428449.0,tt6265828,A Ghost Story,2017-04-24,2017,93.0,Drama|Fantasy|Romance,100000.0,1596371.0,333288.0,1929659.0,6.8,84.0,91.0,11 wins & 21 nominations total,Sailor Bear|Zero Trans Fat Productions|Ideaman Studios,wiki,search_exact,
426253.0,tt5770620,The Lovers,2017-05-05,2017,94.0,Comedy|Drama|Romance,,2194521.0,,,6.1,76.0,81.0,1 win & 3 nominations total,A24,both,discover_title_match,"budget_usd,worldwide_gross_usd"
339987.0,tt4721124,The Exception,2017-06-02,2017,107.0,War|Drama|Romance,,708973.0,0.0,708973.0,6.8,60.0,75.0,2 nominations total,Egoli Tossell KLK|Ostar Productions|uMedia|Egoli Tossell Film,wiki,search_exact,budget_usd
418078.0,tt4695012,It Comes at Night,2017-06-09,2017,91.0,Drama|Horror|Mystery,5000000.0,13985117.0,5295814.0,19280931.0,6.1,78.0,88.0,1 win & 13 nominations total,A24|Animal Kingdom,both,discover_title_match,
428584.0,tt6333086,Menashe,2017-07-28,2017,82.0,Drama,,1703036.0,,,6.6,81.0,95.0,7 wins & 18 nominations,Maiden Voyage Pictures|Autumn Productions|Green Productions|Sparks Go|Daniel Finkelman Films,wiki,search_exact,"budget_usd,worldwide_gross_usd"
429200.0,tt4846232,Good Time,2017-08-11,2017,102.0,Crime|Thriller|Drama,2000000.0,2026499.0,1256870.0,3283369.0,7.3,80.0,91.0,6 wins & 47 nominations total,Elara Pictures|Rhea Films|Hercules Film Fund,wiki,search_exact,
391713.0,tt4925292,Lady Bird,2017-09-01,2017,94.0,Drama|Comedy,10000000.0,48958273.0,30041727.0,79000000.0,7.4,93.0,99.0,Nominated for 5 Oscars. 124 wins & 228 nominations total,IAC Films|Scott Rudin Productions|Entertainment 360,wiki,search_exact,
396777.0,tt4677924,Woodshock,2017-09-22,2017,101.0,Drama|Thriller,5000000.0,42603.0,1079.0,43682.0,4.2,39.0,27.0,,Waypoint Entertainment|COTA Films,wiki,search_exact,awards_raw
341689.0,tt3859310,How to Talk to Girls at Parties,2017-10-06,2017,103.0,Comedy|Music|Romance|Science Fiction,,84809.0,,,5.7,50.0,47.0,9 nominations total,See-Saw Films|Little Punk|Film4 Productions,wiki,search_exact,"budget_usd,worldwide_gross_usd"
394117.0,tt5649144,The Florida Project,2017-10-06,2017,112.0,Drama,2000000.0,5904366.0,5398674.0,11303040.0,7.6,92.0,96.0,Nominated for 1 Oscar. 68 wins & 134 nominations total,Cre Film|Freestyle Picture Company|June Pictures,wiki,search_exact,
399057.0,tt5715874,The Killing of a Sacred Deer,2017-10-20,2017,121.0,Drama|Thriller|Mystery,3000000.0,2291901.0,8408099.0,10700000.0,7.0,73.0,79.0,7 wins & 53 nominations total,Element Pictures|TPC|Film4 Productions|New Sparta Films|Limp|HanWay Films|Fís Éireann/Screen Ireland,wiki,search_exact,
438457.0,tt4400994,The Ballad of Lefty Brown,2017-12-15,2017,105.0,Western,8000000.0,7856.0,0.0,7856.0,6.3,64.0,79.0,1 win & 1 nomination total,Higher Content|Om Films|Armian Pictures|Rival Pictures,wiki,search_exact,
476678.0,tt5153288,Backstabbing for Beginners,2018-01-18,2018,108.0,Thriller|Drama|History,,,,,6.3,48.0,41.0,1 nomination,Fortitude International|Eyeworks Scandi Fiction|Creative Alliance|Unlimited Stories,wiki,search_exact,"budget_usd,domestic_gross_usd,worldwide_gross_usd"
489925.0,tt7014006,Eighth Grade,2018-01-19,2018,94.0,Comedy|Drama,2000000.0,13539709.0,0.0,13539709.0,7.3,85.0,99.0,60 wins & 91 nominations total,A24|Scott Rudin Productions|IAC Films,both,discover_title_match,
353066.0,tt1291566,The Vanishing of Sidney Hall,2018-03-02,2018,120.0,Drama|Mystery|Romance,,,,,6.8,18.0,12.0,,Super Crispy Entertainment|Fuzzy Logic Pictures,wiki,search_exact,"budget_usd,domestic_gross_usd,worldwide_gross_usd,awards_raw"
451204.0,tt5836316,The Last Movie Star,2018-03-30,2018,104.0,Drama,,14410.0,,,7.0,46.0,59.0,3 wins & 2 nominations total,Broken Twig Productions Inc.,wiki,search_exact,"budget_usd,worldwide_gross_usd"
407890.0,tt5340300,Lean on Pete,2018-04-06,2018,121.0,Drama|Adventure,8000000.0,1163056.0,1236944.0,2400000.0,7.1,80.0,90.0,11 wins & 18 nominations total,The Bureau|Film4 Productions,wiki,search_exact,
458737.0,tt6053438,First Reformed,2018-05-18,2018,113.0,Drama,3500000.0,3448256.0,540356.0,3988612.0,7.1,86.0,94.0,Nominated for 1 Oscar. 62 wins & 108 nominations total,Arclight Films|Omeira Studio Partners|Killer Films|Fibonacci Films|Big Indie Pictures,wiki,search_exact,
448776.0,tt4080956,A Prayer Before Dawn,2018-05-24,2018,116.0,Drama|Action|Crime,,14453.0,944430.0,958883.0,6.8,76.0,92.0,1 win & 7 nominations total,Meridian Entertainment|Symbolic Exchange|Senorita Films|Indochina Productions|HanWay Films,wiki,search_exact,budget_usd
493922.0,tt7784604,Hereditary,2018-06-07,2018,128.0,Horror|Mystery|Thriller,10000000.0,44069456.0,43726748.0,87796204.0,7.3,87.0,90.0,52 wins & 112 nominations total,PalmStar Media|Pulse Films|Finch Entertainment|Windy Hill Pictures,wiki,search_exact,
396373.0,tt5436228,Woman Walks Ahead,2018-06-28,2018,103.0,Drama|History|Western,,57528.0,,,6.7,51.0,56.0,7 wins & 5 nominations total,Black Bicycle Entertainment|Bedford Falls Productions|Potboiler Productions,wiki,search_exact,"budget_usd,worldwide_gross_usd"
347866.0,tt3416536,Hot Summer Nights,2018-07-26,2018,107.0,Drama|Crime,,,,246133.0,6.4,44.0,46.0,3 nominations total,Imperative Entertainment,wiki,search_exact,"budget_usd,domestic_gross_usd"
467936.0,tt6040662,The Children Act,2018-08-01,2018,105.0,Drama,,547750.0,17149044.0,17696794.0,6.7,62.0,74.0,2 wins & 5 nominations total,FilmNation Entertainment|BBC Film|Toledo Productions,wiki,search_exact,budget_usd
490005.0,tt7690016,Never Goin' Back,2018-08-03,2018,87.0,Comedy,,61271.0,,,6.1,62.0,76.0,2 wins & 4 nominations total,Sailor Bear|Mama Bear Studios|Zero Trans Fat Productions,wiki,search_exact,"budget_usd,worldwide_gross_usd"
396461.0,tt5691670,Under the Silver Lake,2018-08-08,2018,139.0,Crime|Drama|Mystery,8500000.0,46083.0,2007386.0,2053469.0,6.5,60.0,58.0,3 wins & 9 nominations total,Michael De Luca Productions|Good Fear|PASTEL|UnLTD Productions|Salem Street Entertainment|Boo Pictures|Vendian Entertainment,wiki,search_exact,
539985.0,tt8563704,Drew Michael,2018-08-25,2018,60.0,Comedy|TV Movie,,,,,5.6,,100.0,1 nomination,HBO|A24,tmdb,discover_only,"budget_usd,domestic_gross_usd,worldwide_gross_usd,metascore"
347392.0,tt4411234,Slice,2018-09-10,2018,82.0,Comedy|Horror,1000000.0,,,,4.5,61.0,52.0,1 win & 2 nominations total,N2ition Cinema|Frëhand,wiki,search_exact,"domestic_gross_usd,worldwide_gross_usd"
507076.0,tt8359848,Climax,2018-09-19,2018,97.0,Drama|Horror|Music,2900000.0,817339.0,878736.0,1696075.0,6.9,69.0,69.0,8 wins & 15 nominations total,Rectangle Productions|Wild Bunch|Les Cinémas de la Zone|Eskwad|KNM|ARTE France Cinéma|Artémis Productions|VOO & Be tv|Shelter Prod|Vice Studios,wiki,search_exact,
376865.0,tt4827558,High Life,2018-09-26,2018,113.0,Science Fiction|Drama|Mystery,8933400.0,1225852.0,907181.0,2133033.0,5.7,78.0,83.0,5 wins & 22 nominations total,Andrew Lauren Productions|Pandora Film|Alcatraz Films|The Apocalypse Films|Madants|Match&Spark,wiki,search_exact,
1284938.0,,Cursed: The True Nature of Hereditary,2018-10-08,2018,20.0,Documentary,,,,,,,,,A24|Lionsgate,tmdb,discover_only,"imdb_id,budget_usd,domestic_gross_usd,worldwide_gross_usd,imdb_rating,metascore,rt_critics,awards_raw"
437586.0,tt5613484,mid90s,2018-10-19,2018,86.0,Drama|Comedy,1700000.0,7362439.0,1940583.0,9303022.0,7.4,66.0,81.0,4 wins & 10 nominations total,A24|Waypoint Entertainment,both,discover_title_match,
475220.0,tt7464188,In Fabric,2018-12-06,2018,118.0,Horror|Fantasy|Comedy|Mystery,,,,,6.2,81.0,92.0,11 wins & 31 nominations total,BBC Film|Rook Films|BFI,wiki,search_exact,"budget_usd,domestic_gross_usd,worldwide_gross_usd"
512199.0,tt6566768,Native Son,2019-01-24,2019,104.0,Drama,,,,,5.7,63.0,62.0,4 wins & 7 nominations total,Bow + Arrow Entertainment|The Domain Group,wiki,search_exact,"budget_usd,domestic_gross_usd,worldwide_gross_usd"
510355.0,tt7007696,Share,2019-01-25,2019,89.0,Drama|Mystery,,,,,5.6,73.0,83.0,4 wins & 6 nominations,Loveless|Wildling Pictures|A24,both,discover_title_match,"budget_usd,domestic_gross_usd,worldwide_gross_usd"
484437.0,tt6198946,The Hole in the Ground,2019-03-01,2019,90.0,Horror,,21072.0,3352402.0,3373474.0,5.6,63.0,83.0,2 wins & 16 nominations total,Bankside Films|Wrong Men|Head Gear Films|Metrol Technology|Savage Productions|Made|Wild Atlantic Pictures|Fís Éireann/Screen Ireland|Wallimage|VOO|BeTV|BNP Paribas Fortis|Broadcasting Authority of Ireland|Finnish Film Foundation|Cutting Edge Group|YLE,wiki,search_exact,budget_usd
491473.0,tt6902696,Gloria Bell,2019-03-07,2019,102.0,Drama|Romance,,5611123.0,5533883.0,11145006.0,6.3,78.0,,9 nominations total,FilmNation Entertainment|Fabula|Stage 6 Films,wiki,search_exact,"budget_usd,rt_critics"
593489.0,tt10050780,Anthony Jeselnik: Fire in the Maternity Ward,2019-04-30,2019,64.0,Comedy|Documentary,,,,,7.2,,80.0,,A24,tmdb,discover_only,"budget_usd,domestic_gross_usd,worldwide_gross_usd,metascore,awards_raw"
473019.0,tt6920356,The Souvenir,2019-05-17,2019,120.0,Drama|Romance,,1036737.0,1050941.0,2087678.0,6.4,92.0,90.0,7 wins & 38 nominations total,BBC Film|BFI|JWH Films|Sikelia Productions,wiki,search_exact,budget_usd
522039.0,tt4353250,The Last Black Man in San Francisco,2019-06-07,2019,121.0,Drama,,4515719.0,-1540535.0,2975184.0,7.2,82.0,93.0,18 wins & 59 nominations total,Longshot|Plan B Entertainment|A24,both,discover_title_match,budget_usd
612413.0,tt10432620,Ramy Youssef: Feelings,2019-06-29,2019,54.0,Comedy,,,,,7.0,,100.0,2 nominations total,A24|Cairo Cowboy,tmdb,discover_only,"budget_usd,domestic_gross_usd,worldwide_gross_usd,metascore"
530385.0,tt8772262,Midsommar,2019-07-03,2019,147.0,Horror|Drama|Mystery,9000000.0,27426361.0,21072047.0,48498408.0,7.1,72.0,83.0,27 wins & 74 nominations total,B-Reel Films|Square Peg,wiki,search_exact,
565310.0,tt8637428,The Farewell,2019-07-12,2019,100.0,Comedy|Drama,250300.0,17695781.0,5380876.0,23076657.0,7.5,89.0,97.0,Nominated for 1 BAFTA Award37 wins & 194 nominations total,Big Beach|Depth of Field|Kindred Spirit|Seesaw Productions,wiki,search_exact,
612701.0,tt10516390,"Frankenstein's Monster's Monster, Frankenstein",2019-07-16,2019,32.0,Comedy,,,,,5.8,,89.0,,A24|Levenstein Harbour Longino Televised Theatricals,tmdb,discover_only,"budget_usd,domestic_gross_usd,worldwide_gross_usd,metascore,awards_raw"
542417.0,tt6043142,Skin,2019-07-26,2019,110.0,Drama|Crime|Romance,,,,,6.8,58.0,76.0,1 win & 3 nominations total,Maven Screen Media|Sight Unseen Pictures|Allusionist Picture House|Brookstreet Pictures|Come What May Productions|Hua Wen Movie Group|Item 7|Lost Lane Entertainment|New Native Pictures|PaperChase Films|Tugawood Pictures|Bretz Filmes|Voltage Pictures,wiki,search_exact,"budget_usd,domestic_gross_usd,worldwide_gross_usd"
612392.0,tt10624458,My Favorite Shapes by Julio Torres,2019-08-10,2019,57.0,Comedy|TV Movie,,,,,7.0,,100.0,,A24,tmdb,discover_only,"budget_usd,domestic_gross_usd,worldwide_gross_usd,metascore,awards_raw"
473033.0,tt5727208,Uncut Gems,2019-08-30,2019,136.0,Drama|Thriller|Crime,19000000.0,50023780.0,0.0,50023780.0,7.4,93.0,91.0,27 wins & 91 nominations total,A24|Elara Pictures,both,discover_title_match,
565383.0,tt9356952,The Death of Dick Long,2019-09-27,2019,100.0,Comedy|Crime|Drama,,36856.0,-270.0,36586.0,6.4,69.0,75.0,4 wins & 2 nominations total,A24,both,discover_title_match,budget_usd
493066.0,tt7434324,Low Tide,2019-10-04,2019,86.0,Thriller,,,,,6.3,64.0,72.0,2 nominations total,Automatik Entertainment|Neighborhood Watch|OPE Partners|Mister Smith Entertainment|Head Gear Films|Metrol Technology|Boy & Star,wiki,search_exact,"budget_usd,domestic_gross_usd,worldwide_gross_usd"
489245.0,tt6196936,The Kill Team,2019-10-17,2019,87.0,War|Action|Drama,,,,,6.0,60.0,69.0,,Nostromo Pictures|Temple Hill Entertainment|Marc Graue Recording Studios,wiki,search_exact,"budget_usd,domestic_gross_usd,worldwide_gross_usd,awards_raw"
503919.0,tt7984734,The Lighthouse,2019-10-18,2019,109.0,Drama|Fantasy|Thriller,11000000.0,10867104.0,7395360.0,18262464.0,7.4,83.0,90.0,Nominated for 1 Oscar. 33 wins & 139 nominations total,RT Features|Parts & Labor|A24|Regency Enterprises,both,discover_title_match,
541572.0,tt6722976,The Elephant Queen,2019-10-18,2019,97.0,Documentary|Family,,,,,7.8,69.0,91.0,Nominated for 1 Primetime Emmy. 3 wins & 5 nominations total,Deeble & Stone|Mister Smith Entertainment,wiki,search_exact,"budget_usd,domestic_gross_usd,worldwide_gross_usd"
533444.0,tt8652728,Waves,2019-11-15,2019,136.0,Romance|Drama,6000000.0,1658790.0,918200.0,2576990.0,7.5,80.0,84.0,14 wins & 42 nominations total,A24|Bron Studios|JW Films|Guy Grand Productions,both,discover_title_match,
650073.0,tt11318624,John Mulaney & The Sack Lunch Bunch,2019-12-24,2019,70.0,Comedy|Family|Music,,,,,7.3,,96.0,Nominated for 2 Primetime Emmys. 5 nominations total,A Petunia Picture|3 Arts Entertainment|A24,tmdb,discover_only,"budget_usd,domestic_gross_usd,worldwide_gross_usd,metascore"
653723.0,tt11095742,Boys State,2020-01-24,2020,110.0,Documentary,,,,,7.6,84.0,95.0,Won 1 Primetime Emmy. 17 wins & 26 nominations total,Concordia Studio|Mile End Films,wiki,search_exact,"budget_usd,domestic_gross_usd,worldwide_gross_usd"
851037.0,tt16419168,Question & Answer,2020-02-08,2020,21.0,Documentary,,,,,,,,,A24,tmdb,discover_only,"budget_usd,domestic_gross_usd,worldwide_gross_usd,imdb_rating,metascore,rt_critics,awards_raw"
675929.0,tt11736170,Whitmer Thomas: The Golden One,2020-02-22,2020,63.0,Comedy|Documentary,,,,,6.5,,,,A24|HBO Films,tmdb,discover_only,"budget_usd,domestic_gross_usd,worldwide_gross_usd,metascore,rt_critics,awards_raw"
769172.0,tt12030068,Outlaws,2020-03-05,2020,6.0,Drama|Western,50000.0,,,,,,,1 win,,wiki,search_exact,"domestic_gross_usd,worldwide_gross_usd,imdb_rating,metascore,rt_critics"
558582.0,tt9231040,First Cow,2020-03-06,2020,122.0,Drama|Western,2000000.0,101068.0,0.0,101068.0,7.1,90.0,96.0,21 wins & 141 nominations total,filmscience,wiki,search_exact,
703754.0,tt12327104,Eric Andre: Legalize Everything,2020-06-23,2020,52.0,Comedy,,,,,6.2,,,,Sunset Rose Pictures|A24,tmdb,discover_only,"budget_usd,domestic_gross_usd,worldwide_gross_usd,metascore,rt_critics,awards_raw"
722815.0,tt12748016,Strasbourg 1518,2020-07-20,2020,10.0,Music,,,,,6.0,,,,Academy Films|BBC Film|BBC Arts|Artangel Media|A24,tmdb,discover_only,"budget_usd,domestic_gross_usd,worldwide_gross_usd,metascore,rt_critics,awards_raw"
575417.0,tt9606374,On the Rocks,2020-10-02,2020,96.0,Drama|Comedy|Romance,,,,992103.0,6.4,73.0,86.0,2 wins & 39 nominations total,American Zoetrope,wiki,search_exact,"budget_usd,domestic_gross_usd"
575776.0,tt7557108,Saint Maud,2020-10-09,2020,85.0,Horror|Mystery|Thriller,,,,1640866.0,6.6,83.0,92.0,Nominated for 2 BAFTA 11 wins & 33 nominations total,Film4 Productions|BFI|Escape Plan,wiki,search_exact,"budget_usd,domestic_gross_usd"
615643.0,tt10633456,Minari,2021-02-12,2021,115.0,Drama,2000000.0,3110580.0,9789420.0,12900000.0,7.4,89.0,98.0,Won 1 Oscar. 120 wins & 241 nominations total,Plan B Entertainment,wiki,search_exact,
591634.0,tt10096842,False Positive,2021-06-18,2021,93.0,Horror|Mystery|Thriller,,,,,4.6,54.0,46.0,,A24,both,discover_title_match,"budget_usd,domestic_gross_usd,worldwide_gross_usd,awards_raw"
539565.0,tt5439812,Zola,2021-06-30,2021,86.0,Comedy|Crime|Drama,5000000.0,4844399.0,-1344399.0,3500000.0,6.4,76.0,88.0,10 wins & 40 nominations total,Killer Films|Ramona Films|Gigi Films,wiki,search_exact,
834027.0,tt14731254,Val,2021-07-23,2021,109.0,Documentary,,,,,7.5,73.0,93.0,4 wins & 24 nominations total,A24|IAC Films|Boardwalk Pictures|ValArt Ltd|Cartel Films,both,discover_title_match,"budget_usd,domestic_gross_usd,worldwide_gross_usd"
559907.0,tt9243804,The Green Knight,2021-07-29,2021,130.0,Adventure|Drama|Fantasy,15000000.0,17173321.0,1714632.0,18887953.0,6.6,85.0,89.0,21 wins & 119 nominations total,A24|Bron Studios|Sailor Bear|Ley Line Entertainment|Wild Atlantic Pictures,both,discover_title_match,
788929.0,tt9812474,Lamb,2021-08-12,2021,106.0,Drama|Fantasy|Horror,5000000.0,2676410.0,523590.0,3200000.0,6.3,68.0,86.0,24 wins & 32 nominations total,Go to Sheep|Film i Väst|Chimney Sweden|Chimney Poland,wiki,search_exact,
473021.0,tt6992978,The Souvenir: Part II,2021-10-11,2021,108.0,Drama|Romance,,98929.0,282374.0,381303.0,7.1,90.0,90.0,9 wins & 17 nominations total,BBC Film|BFI|Sikelia Productions|Element Pictures|JWH Films,wiki,search_exact,budget_usd
882292.0,tt15513290,"Phoebe Robinson: Sorry, Harriet Tubman",2021-10-14,2021,56.0,Comedy,,,,,4.8,,,,A24|Tiny Reparations,tmdb,discover_only,"budget_usd,domestic_gross_usd,worldwide_gross_usd,metascore,rt_critics,awards_raw"
632617.0,tt10986222,C'mon C'mon,2021-11-19,2021,110.0,Drama,8300000.0,1863674.0,2436326.0,4300000.0,7.3,82.0,,Nominated for 1 BAFTA Award16 wins & 51 nominations total,A24|Be Funny When You Can,both,discover_title_match,rt_critics
588367.0,tt10023286,The Humans,2021-11-24,2021,106.0,Drama,,,,,6.1,78.0,91.0,2 wins & 9 nominations total,A24|IAC Films,both,discover_title_match,"budget_usd,domestic_gross_usd,worldwide_gross_usd"
900742.0,tt15845288,Mo Amer: Mohammed in Texas,2021-11-30,2021,64.0,Comedy,,,,,6.7,,,,A24,tmdb,discover_only,"budget_usd,domestic_gross_usd,worldwide_gross_usd,metascore,rt_critics,awards_raw"
591538.0,tt10095582,The Tragedy of Macbeth,2021-12-05,2021,105.0,Drama,,,,176248.0,7.1,87.0,93.0,Nominated for 3 Oscars. 20 wins & 115 nominations total,IAC Films|A24,both,discover_title_match,"budget_usd,domestic_gross_usd"
763329.0,tt13453006,Red Rocket,2021-12-10,2021,130.0,Drama|Comedy,1100000.0,1023086.0,1176914.0,2200000.0,7.1,76.0,90.0,10 wins & 35 nominations total,FilmNation Entertainment|Cre Film,wiki,search_exact,
640265.0,tt2201261,The Sky Is Everywhere,2022-02-11,2022,103.0,Drama|Romance|Music,,,,,5.6,66.0,66.0,1 win & 1 nomination total,Di Novi Pictures|A24|Alice the Who,both,discover_title_match,"budget_usd,domestic_gross_usd,worldwide_gross_usd"
933738.0,tt17542000,Ali Wong: Don Wong,2022-02-14,2022,59.0,Comedy,,,,,6.6,,,Nominated for 1 Primetime Emmy. 1 nomination total,A24,tmdb,discover_only,"budget_usd,domestic_gross_usd,worldwide_gross_usd,metascore,rt_critics"
585378.0,tt8633464,After Yang,2022-03-04,2022,96.0,Science Fiction|Drama,,46872.0,84593.0,131465.0,6.6,78.0,89.0,13 wins & 31 nominations total,A24|Cinereach|Per Capita Productions,both,discover_title_match,budget_usd
760104.0,tt13560574,X,2022-03-17,2022,106.0,Horror,1000000.0,11769469.0,2975580.0,14745049.0,6.5,80.0,94.0,4 wins & 43 nominations total,A24|Little Lamb Productions,both,discover_title_match,
545611.0,tt6710474,Everything Everywhere All at Once,2022-03-24,2022,140.0,Action|Adventure|Science Fiction,25000000.0,77191785.0,62008215.0,139200000.0,7.7,81.0,93.0,Won 7 Oscars. 408 wins & 382 nominations total,IAC Films|AGBO|Ley Line Entertainment|Year of the Rat|A24,both,discover_title_match,
896639.0,tt13968794,Elizabeth: A Portrait in Part(s),2022-04-21,2022,89.0,Documentary|Drama|History,,,,,5.9,64.0,88.0,1 nomination total,Free Range Films|Ingenious Media|Riba Films,wiki,search_top_result,"budget_usd,domestic_gross_usd,worldwide_gross_usd"
780609.0,tt13841850,Men,2022-05-20,2022,100.0,Horror|Thriller|Fantasy,6500000.0,7587853.0,3564218.0,11152071.0,6.0,65.0,69.0,2 wins & 36 nominations total,A24|DNA Films,both,discover_title_match,
962537.0,tt11764342,Jerry Lee Lewis: Trouble in Mind,2022-05-22,2022,74.0,Documentary|Music,,,,,6.6,62.0,74.0,1 nomination total,Live Nation Studios|Shangri-La Entertainment|A24|Jagged Films|Inaudible Films,both,search_exact_other_year,"budget_usd,domestic_gross_usd,worldwide_gross_usd"
988816.0,tt19266900,Would It Kill You to Laugh? Starring Kate Berlant + John Early,2022-06-24,2022,52.0,Comedy,,,,,6.2,,,Nominated for 1 Primetime Emmy. 3 nominations total,A24,tmdb,discover_only,"budget_usd,domestic_gross_usd,worldwide_gross_usd,metascore,rt_critics"
869626.0,tt15339456,Marcel the Shell with Shoes On,2022-06-24,2022,90.0,Animation|Comedy|Drama|Family,6000000.0,6333702.0,575507.0,6909209.0,7.6,80.0,98.0,Nominated for 1 Oscar. 38 wins & 67 nominations total,Cinereach|Chiodo Bros. Productions|You Want I Should|Human Woman|Sunbeam TV & Films,wiki,search_exact,
1061020.0,,The Farmer's Daughters,2022-07-28,2022,5.0,Horror,,,,,,,,,A24,tmdb,discover_only,"imdb_id,budget_usd,domestic_gross_usd,worldwide_gross_usd,imdb_rating,metascore,rt_critics,awards_raw"
520023.0,tt8110652,Bodies Bodies Bodies,2022-08-05,2022,94.0,Comedy|Mystery|Horror,3000000.0,11446602.0,2483068.0,13929670.0,6.2,69.0,85.0,2 wins & 16 nominations total,A24|2AM,both,discover_title_match,
583095.0,tt8174412,Funny Pages,2022-08-26,2022,87.0,Comedy,,,,,6.2,73.0,82.0,1 win & 7 nominations total,A24|Elara Pictures,both,discover_title_match,"budget_usd,domestic_gross_usd,worldwide_gross_usd"
1020999.0,,Instinct,2022-09-08,2022,4.0,Action|Drama|Horror|Animation,,,,,,,,,ESMA,wiki,search_exact,"imdb_id,budget_usd,domestic_gross_usd,worldwide_gross_usd,imdb_rating,metascore,rt_critics,awards_raw"
949423.0,tt18925334,Pearl,2022-09-16,2022,102.0,Horror|Drama|Thriller,1000000.0,9423445.0,424045.0,9847490.0,7.0,76.0,93.0,19 wins & 63 nominations total,A24|Little Lamb Productions,both,discover_title_match,
828558.0,tt10375396,God's Creatures,2022-09-30,2022,101.0,Drama,,45849.0,,,6.0,69.0,,1 win & 14 nominations total,A24|BBC Film|Fís Éireann/Screen Ireland|Nine Daughters|WRAP Fund,both,discover_title_match,"budget_usd,worldwide_gross_usd,rt_critics"
1189380.0,,The Souvenir: Reality / Fiction / Confusion / Inspiration,2022-10-08,2022,41.0,Documentary,,,,,,,,,A24,tmdb,discover_only,"imdb_id,budget_usd,domestic_gross_usd,worldwide_gross_usd,imdb_rating,metascore,rt_critics,awards_raw"
603204.0,tt10354106,Stars at Noon,2022-10-14,2022,138.0,Drama|Romance|Crime,,,,,5.5,65.0,63.0,1 win & 5 nominations total,Curiosa Films|ARTE France Cinéma|Ad Vitam Production,wiki,search_exact,"budget_usd,domestic_gross_usd,worldwide_gross_usd"
965150.0,tt19770238,Aftersun,2022-10-21,2022,101.0,Drama,,1658790.0,6175615.0,7834405.0,7.6,95.0,95.0,Nominated for 1 Oscar. 98 wins & 182 nominations total,PASTEL|BBC Film|Tango Entertainment|Unified Theory|Screen Scotland|BFI,wiki,search_exact,budget_usd
595586.0,tt10192406,Causeway,2022-10-28,2022,94.0,Drama,,,,,6.6,66.0,84.0,Nominated for 1 Oscar. 4 wins & 38 nominations total,Excellent Cadaver|IAC Films|A24|IPR.VC,both,discover_title_match,"budget_usd,domestic_gross_usd,worldwide_gross_usd"
901563.0,tt9660502,Close,2022-11-01,2022,104.0,Drama,,1100113.0,2029855.0,3129968.0,7.8,81.0,91.0,Nominated for 1 Oscar. 58 wins & 85 nominations total,Menuet|Diaphana Films|Topkapi Films|Versus Production|VTM|RTBF,wiki,search_exact,budget_usd
837938.0,tt13495458,The Inspection,2022-11-18,2022,95.0,Drama,,390429.0,-119816.0,270613.0,6.7,73.0,88.0,12 wins & 31 nominations total,Freedom Principle|Gamechanger Films|A24,both,discover_title_match,budget_usd
744594.0,tt6160448,White Noise,2022-11-25,2022,136.0,Comedy|Drama,100000000.0,,,71476.0,5.7,66.0,64.0,2 wins & 25 nominations total,Heyday Films|NB/GG Pictures|A24,both,discover_title_match,domestic_gross_usd
790867.0,tt13874422,The Eternal Daughter,2022-12-02,2022,96.0,Drama|Mystery,,86490.0,481840.0,568330.0,5.9,80.0,95.0,1 win & 13 nominations,BBC Film|JWH Films|Element Pictures,wiki,search_exact,budget_usd
785084.0,tt13833688,The Whale,2022-12-09,2022,117.0,Drama,3000000.0,17463630.0,40152005.0,57615635.0,7.6,60.0,64.0,Won 2 Oscars. 51 wins & 124 nominations total,A24|Protozoa Pictures,both,discover_title_match,
1024433.0,tt23950956,This Place Rules,2022-12-30,2022,82.0,Documentary,,,,,7.2,,100.0,,A24|Strong Baby Productions|Abso Lutely Productions,both,discover_title_match,"budget_usd,domestic_gross_usd,worldwide_gross_usd,metascore,awards_raw"
691422.0,tt12121582,When You Finish Saving the World,2023-01-20,2023,88.0,Drama|Comedy,,196920.0,,,5.6,61.0,62.0,1 nomination total,Fruit Tree|A24,both,discover_title_match,"budget_usd,worldwide_gross_usd"
1058647.0,tt24132732,The Deepest Breath,2023-01-21,2023,108.0,Documentary,,,,,7.7,69.0,84.0,7 wins & 15 nominations total,A24|Motive Films|Ventureland|RAW,both,discover_title_match,"budget_usd,domestic_gross_usd,worldwide_gross_usd"
717980.0,tt12573454,Sharper,2023-02-10,2023,115.0,Crime|Thriller,,,,,6.7,65.0,68.0,1 win total,A24|Picturestart|fortysixty|G&T Productions,both,discover_title_match,"budget_usd,domestic_gross_usd,worldwide_gross_usd"
790416.0,tt13923216,Showing Up,2023-04-07,2023,107.0,Comedy|Drama,,754483.0,-45629.0,708854.0,6.3,86.0,89.0,5 wins & 10 nominations total,A24|filmscience,both,discover_title_match,budget_usd
798286.0,tt13521006,Beau Is Afraid,2023-04-14,2023,179.0,Comedy|Adventure|Fantasy,35000000.0,8176562.0,4160816.0,12337378.0,6.6,63.0,67.0,31 nominations total,A24|Square Peg|IPR.VC|Access Entertainment,both,discover_title_match,
890215.0,tt15771916,You Hurt My Feelings,2023-05-26,2023,93.0,Drama|Comedy|Romance,,4830788.0,169212.0,5000000.0,6.5,80.0,94.0,1 win & 6 nominations total,Likely Story,wiki,search_exact,budget_usd
666277.0,tt13238346,Past Lives,2023-06-02,2023,106.0,Drama|Romance,12000000.0,11331983.0,16794663.0,28126646.0,7.8,94.0,95.0,Nominated for 2 Oscars. 83 wins & 240 nominations total,A24|Killer Films|2AM|CJ ENM,both,discover_title_match,
935903.0,tt14773478,Medusa Deluxe,2023-06-08,2023,101.0,Comedy|Mystery|Thriller|Drama,,,,,6.1,60.0,71.0,2 wins & 8 nominations total,EMU Films|BBC Film|BFI|Time Based Arts,wiki,search_exact,"budget_usd,domestic_gross_usd,worldwide_gross_usd"
980537.0,tt18382328,Earth Mama,2023-07-07,2023,101.0,Drama,,,,,6.6,84.0,97.0,Won 1 BAFTA Award7 wins & 13 nominations total,A24|Park Pictures Features|Academy Films|Film4 Productions,both,discover_title_match,"budget_usd,domestic_gross_usd,worldwide_gross_usd"
860278.0,tt15210256,Stephen Curry: Underrated,2023-07-21,2023,110.0,Documentary,,,,,7.3,69.0,85.0,3 nominations total,A24|Unanimous Media|Proximity Media|NBA Entertainment,both,discover_title_match,"budget_usd,domestic_gross_usd,worldwide_gross_usd"
1008042.0,tt10638522,Talk to Me,2023-07-26,2023,95.0,Horror,4500000.0,48299436.0,43659752.0,91959188.0,7.1,76.0,,23 wins & 51 nominations total,Causeway Films|Screen Australia|South Australian Film Corporation|Bankside Films|Head Gear Films|Metrol Technology,wiki,search_exact,rt_critics
939997.0,tt7130916,Dicks: The Musical,2023-10-06,2023,86.0,Music|Comedy,8000000.0,1453012.0,19102.0,1472114.0,5.3,,68.0,1 win & 5 nominations,A24|Chernin Entertainment,both,discover_title_match,metascore
1020006.0,tt22041854,Priscilla,2023-10-27,2023,113.0,Drama|Romance,20000000.0,20960939.0,9179967.0,30140906.0,6.5,79.0,84.0,6 wins & 35 nominations total,The Apartment Pictures|American Zoetrope,wiki,search_exact,
800227.0,tt11534720,All Dirt Roads Taste of Salt,2023-11-03,2023,97.0,Drama,,52084.0,-11084.0,41000.0,5.9,87.0,90.0,6 wins & 21 nominations total,A24|PASTEL|Tender,both,discover_title_match,budget_usd
823482.0,tt21942866,Dream Scenario,2023-11-10,2023,102.0,Comedy|Fantasy,10000000.0,5742193.0,8372222.0,14114415.0,6.8,74.0,91.0,3 wins & 18 nominations total,A24|Square Peg|Saturn Films,both,discover_title_match,
1206030.0,tt31829513,The Making of Priscilla,2023-11-16,2023,28.0,Documentary,,,,,6.9,,,,Important Flowers|American Zoetrope|A24,tmdb,discover_only,"budget_usd,domestic_gross_usd,worldwide_gross_usd,metascore,rt_critics,awards_raw"
573952.0,tt9573150,Occupied City,2023-11-30,2023,266.0,Documentary,,,,,6.6,76.0,72.0,3 wins & 6 nominations total,Family Affair Films|Lammas Park|VPRO|Regency Enterprises|A24|Film4 Productions,both,discover_title_match,"budget_usd,domestic_gross_usd,worldwide_gross_usd"
467244.0,tt7160372,The Zone of Interest,2023-12-15,2023,105.0,Drama|History|War,15000000.0,8659464.0,43972420.0,52631884.0,7.3,92.0,93.0,Won 2 Oscars. 71 wins & 186 nominations total,JW Films|Extreme Emotions|Access Entertainment|A24|Film4 Productions,both,discover_title_match,
850165.0,tt21064584,The Iron Claw,2023-12-21,2023,133.0,Drama|History,15900000.0,35070296.0,5059936.0,40130232.0,7.6,73.0,89.0,4 wins & 42 nominations total,House Productions|BBC Film|A24|Access Entertainment,both,discover_title_match,
1225352.0,tt29649645,Open Wide,2024-01-23,2024,108.0,Documentary,,,,,5.8,,,,A24|Muck Media,both,discover_title_match,"budget_usd,domestic_gross_usd,worldwide_gross_usd,metascore,rt_critics,awards_raw"
1230147.0,tt30841122,Jenny Slate: Seasoned Professional,2024-02-22,2024,64.0,Comedy,,,,,5.7,,100.0,,A24|Amazon MGM Studios,tmdb,discover_only,"budget_usd,domestic_gross_usd,worldwide_gross_usd,metascore,awards_raw"
852247.0,tt15078804,Problemista,2024-03-01,2024,104.0,Comedy,12000000.0,2503154.0,0.0,2503154.0,6.7,68.0,85.0,2 wins & 16 nominations total,A24|Fruit Tree,both,discover_title_match,
948549.0,tt19637052,Love Lies Bleeding,2024-03-07,2024,104.0,Crime|Romance|Thriller,10000000.0,8335797.0,4442428.0,12778225.0,6.6,77.0,94.0,Nominated for 1 BAFTA Award5 wins & 49 nominations total,Film4 Productions|Escape Plan|A24|Lobo Films,both,discover_title_match,
1235761.0,tt31039503,Ramy Youssef: More Feelings,2024-03-23,2024,55.0,Comedy,,,,,6.9,,100.0,Nominated for 1 Primetime Emmy. 4 nominations total,Cairo Cowboy|A24|American Light & Fixture,tmdb,discover_only,"budget_usd,domestic_gross_usd,worldwide_gross_usd,metascore"
929590.0,tt17279496,Civil War,2024-04-10,2024,109.0,War|Action|Drama,50000000.0,68756072.0,57786177.0,126542249.0,7.0,75.0,81.0,10 wins & 62 nominations total,DNA Films|IPR.VC|A24,both,discover_title_match,
858017.0,tt15574270,I Saw the TV Glow,2024-05-03,2024,100.0,Horror|Drama,10000000.0,5017817.0,390099.0,5407916.0,5.8,86.0,85.0,12 wins & 92 nominations total,A24|Fruit Tree|Smudge Films|Hypnic Jerk,both,discover_title_match,
1275377.0,tt29644446,The Sixth,2024-05-03,2024,106.0,Documentary,,,,,6.8,,100.0,1 nomination total,Change Content|A24,both,discover_title_match,"budget_usd,domestic_gross_usd,worldwide_gross_usd,metascore"
831395.0,tt14682800,Tuesday,2024-06-07,2024,110.0,Fantasy|Drama,,706683.0,-69093.0,637590.0,6.3,69.0,76.0,6 nominations total,A24|BBC Film|Cinereach|Gingerbread Pictures|Record Player Films|BFI|Wild Swim Films,both,discover_title_match,budget_usd
1037035.0,tt28366692,Janet Planet,2024-06-21,2024,113.0,Drama,,793638.0,-66017.0,727621.0,6.1,83.0,85.0,4 wins & 24 nominations total,A24|BBC Film|Present Company,both,discover_title_match,budget_usd
1023922.0,tt22048412,MaXXXine,2024-07-04,2024,103.0,Horror|Thriller,10000000.0,15097632.0,6959528.0,22057160.0,6.2,64.0,73.0,8 nominations total,A24|Motel Mojave|Access Entertainment,both,discover_title_match,
1155828.0,tt28479262,Sing Sing,2024-07-12,2024,107.0,Drama,2000000.0,3110476.0,291313.0,3401789.0,7.6,83.0,97.0,Nominated for 3 Oscars. 70 wins & 201 nominations total,Black Bear Pictures|Edith Productions|Marfa Peach Company,wiki,search_exact,
989662.0,tt21097228,A Different Man,2024-08-24,2024,112.0,Comedy|Drama,,654254.0,515111.0,1169365.0,6.9,78.0,93.0,Nominated for 1 Oscar. 9 wins & 58 nominations total,A24|Killer Films|Grand Motel Films,both,discover_title_match,budget_usd
1016848.0,tt21905744,The Front Room,2024-09-05,2024,95.0,Horror,3500000.0,3092269.0,73092.0,3165361.0,4.6,49.0,40.0,,A24|2AM|Two & Two Pictures,both,discover_title_match,awards_raw
951029.0,tt19121796,Look into My Eyes,2024-09-06,2024,108.0,Documentary,,,,,5.5,79.0,91.0,1 win & 4 nominations total,A24|Drifting Cloud Productions|Artemis Rising|Chicken & Egg Films|Secret Sauce Media,both,discover_title_match,"budget_usd,domestic_gross_usd,worldwide_gross_usd"
1036573.0,tt14093994,The Last of the Sea Women,2024-09-08,2024,87.0,Documentary,,,,,7.0,63.0,97.0,5 wins & 3 nominations total,Extracurricular|A24,both,discover_title_match,"budget_usd,domestic_gross_usd,worldwide_gross_usd"
1234597.0,tt18346498,Architecton,2024-10-03,2024,98.0,Documentary,,117280.0,-50457.0,66823.0,6.4,79.0,95.0,7 nominations total,ma.ja.de. FilmProduktions|Point du Jour|Les Films du Balibari|A24|Hailstone Films|ZDF,both,discover_title_match,budget_usd
1100099.0,tt27131358,We Live in Time,2024-10-10,2024,108.0,Romance|Drama,20000000.0,24692924.0,12489890.0,37182814.0,7.0,59.0,79.0,1 win & 4 nominations total,Film4 Productions|SunnyMarch|Shoebox Films|StudioCanal UK,wiki,search_exact,
1109255.0,tt23853982,Parthenope,2024-10-24,2024,137.0,Drama,32000000.0,289303.0,10071807.0,10361110.0,6.6,52.0,47.0,7 wins & 25 nominations total,The Apartment Pictures|Pathé|Numero10|Saint Laurent Productions|PiperFilm|Logical Content Ventures|Saint Laurent,wiki,search_exact,
1138194.0,tt28015403,Heretic,2024-10-31,2024,111.0,Thriller|Horror,10000000.0,27986380.0,23927014.0,51913394.0,7.0,71.0,89.0,Nominated for 1 BAFTA Award4 wins & 38 nominations total,A24|Beck/Woods|Shiny Penny Productions|CatchLight Studios,both,discover_title_match,
1059128.0,tt24176060,Queer,2024-11-27,2024,138.0,Drama|Romance,53400000.0,3736813.0,1713902.0,5450715.0,6.4,72.0,77.0,4 wins & 60 nominations total,Fremantle|The Apartment Pictures|Frenesy Film,wiki,search_exact,
1094274.0,tt27218960,Y2K,2024-12-06,2024,91.0,Science Fiction|Horror|Comedy,15000000.0,4446596.0,34877.0,4481473.0,4.7,49.0,43.0,1 nomination total,A24|Strong Baby Productions|American Light & Fixture,both,discover_title_match,
1082938.0,tt32083311,On Becoming a Guinea Fowl,2024-12-06,2024,99.0,Comedy|Drama,,166851.0,,,7.0,87.0,100.0,9 wins & 12 nominations total,A24|Fremantle|BBC Film|Element Pictures,both,discover_title_match,"budget_usd,worldwide_gross_usd"
549509.0,tt8999762,The Brutalist,2024-12-20,2024,215.0,Drama,9600000.0,16279129.0,33866098.0,50145227.0,7.2,91.0,93.0,Won 3 Oscars. 140 wins & 362 nominations total,Brookstreet Pictures|Kaplan Morrison|Intake Films|Andrew Lauren Productions|Lipsync Productions|Richmond Pictures|Meyohas Studio|Carte Blanche|Pierce Capital Entertainment,wiki,search_exact,
1097549.0,tt30057084,Babygirl,2024-12-25,2024,115.0,Romance|Thriller,20000000.0,28196732.0,32738162.0,60934894.0,5.8,79.0,76.0,10 wins & 24 nominations total,A24|2AM|Man Up Film,both,discover_title_match,
980477.0,tt34956443,Ne Zha 2,2025-01-29,2025,144.0,Animation|Action|Fantasy|Adventure,80000000.0,23308176.0,2236514241.0,2259822417.0,7.9,68.0,91.0,20 wins & 8 nominations total,Chengdu Coco Cartoon|Beijing Enlight Pictures|Beijing Enlight Media|Chengdu Zizai Jingjie Culture Media|Beijing Coloroom Technology,wiki,search_exact,
1202479.0,tt29929565,Opus,2025-03-13,2025,104.0,Horror|Mystery|Thriller,10000000.0,1993397.0,190142.0,2183539.0,5.7,42.0,39.0,2 nominations total,A24|Makeready|MACRO,both,discover_title_match,
1153714.0,tt28443655,Death of a Unicorn,2025-03-17,2025,107.0,Horror|Fantasy|Comedy,15000000.0,12899252.0,3523833.0,16423085.0,5.8,51.0,52.0,1 win & 4 nominations total,A24|Square Peg|Secret Engine|Ley Line Entertainment|Monoceros Media,both,discover_title_match,
1241436.0,tt31434639,Warfare,2025-04-09,2025,95.0,War|Action,20000000.0,26000309.0,8902293.0,34902602.0,7.1,78.0,92.0,Nominated for 1 BAFTA Award7 wins & 26 nominations total,DNA Films|A24,both,discover_title_match,
896536.0,tt8866456,The Legend of Ochi,2025-04-18,2025,95.0,Family|Fantasy|Adventure,10000000.0,2475373.0,2397016.0,4872389.0,5.8,67.0,75.0,4 nominations total,A24|Encyclopedia Pictura|Neighborhood Watch|Year of the Rat|AGBO|Access Entertainment|IPR.VC,both,discover_title_match,
1239655.0,tt30505698,Friendship,2025-05-09,2025,100.0,Comedy|Drama,2000000.0,16252948.0,726353.0,16979301.0,6.6,72.0,88.0,3 wins & 19 nominations total,BoulderLight Pictures|Fifth Season|Friends Night,wiki,search_exact,
1229705.0,tt29649688,My Mercury,2025-05-11,2025,98.0,Documentary,,,,,6.9,,,,A24|Dog Star Films,both,discover_title_match,"budget_usd,domestic_gross_usd,worldwide_gross_usd,metascore,rt_critics,awards_raw"
1151031.0,tt32246771,Bring Her Back,2025-05-19,2025,104.0,Horror,15000000.0,19333305.0,20076917.0,39410222.0,7.1,75.0,89.0,17 wins & 37 nominations total,Causeway Films|Blue Bear|Salmira Productions|A24|South Australian Film Corporation,both,discover_title_match,
1136867.0,tt30253473,Materialists,2025-06-12,2025,116.0,Romance|Drama,20000000.0,36521973.0,71427083.0,107949056.0,6.2,70.0,77.0,1 win & 10 nominations total,A24|Killer Films|2AM|IPR.VC|Access Entertainment,both,discover_title_match,
1205515.0,tt32843349,"Sorry, Baby",2025-06-27,2025,103.0,Drama|Comedy,1500000.0,2418280.0,-138385.0,2279895.0,7.1,90.0,97.0,32 wins & 113 nominations total,PASTEL|Big Beach|Tango Entertainment|High Frequency Entertainment|Case Study Films|Charades|AF Films,wiki,search_exact,
648878.0,tt31176520,Eddington,2025-07-16,2025,148.0,Western|Comedy|Crime,25000000.0,10223277.0,3514950.0,13738227.0,6.6,65.0,69.0,1 win & 18 nominations total,A24|Square Peg|828 Productions|IPR.VC|Access Entertainment,both,discover_title_match,
1242434.0,tt31194612,Highest 2 Lowest,2025-08-14,2025,133.0,Thriller|Crime|Drama,25000000.0,1500000.0,0.0,1500000.0,5.5,74.0,83.0,1 win & 30 nominations total,A24|40 Acres and a Mule Filmworks|Escape Artists|Mandalay Pictures|A/Vantage Pictures|Kurosawa Production,both,discover_title_match,
760329.0,tt11214558,The Smashing Machine,2025-10-01,2025,123.0,Drama|History|Action,50000000.0,11411388.0,9722093.0,21133481.0,6.3,65.0,71.0,Nominated for 1 Oscar. 3 wins & 26 nominations total,A24|Seven Bucks Productions|Out for the Count|Magnetic Fields Entertainment,both,discover_title_match,
1160360.0,tt18382850,If I Had Legs I'd Kick You,2025-10-10,2025,113.0,Drama,1500000.0,1091404.0,618238.0,1709642.0,6.6,78.0,92.0,Nominated for 1 Oscar. 39 wins & 77 nominations total,A24|Central Pictures|Fat City|Bronxburgh,both,discover_title_match,
1593893.0,,Made in Eddington,2025-10-21,2025,34.0,Documentary,,,,,,,,,A24,tmdb,discover_only,"imdb_id,budget_usd,domestic_gross_usd,worldwide_gross_usd,imdb_rating,metascore,rt_critics,awards_raw"
1566595.0,,Tame Impala: Sound Check at Cherry Lane Theatre,2025-10-21,2025,13.0,Documentary|Music,,,,,,,,,SMUGGLER|A24,tmdb,discover_only,"imdb_id,budget_usd,domestic_gross_usd,worldwide_gross_usd,imdb_rating,metascore,rt_critics,awards_raw"
1259102.0,tt24950660,Eternity,2025-11-10,2025,114.0,Romance|Comedy|Drama,12000000.0,16210244.0,16657604.0,32867848.0,6.9,58.0,76.0,2 wins & 8 nominations total,A24|Star Thrower Entertainment,both,discover_title_match,
1287141.0,tt32321317,Pillion,2025-11-28,2025,107.0,Romance|Drama|Comedy,1000000.0,3792923.0,2852071.0,6644994.0,6.9,85.0,99.0,Nominated for 3 BAFTA Awards. 17 wins & 34 nominations total,BBC Film|BFI|Element Pictures|Fremantle|September Film,wiki,search_exact,
1317288.0,tt32916440,Marty Supreme,2025-12-19,2025,150.0,Drama|Thriller,65000000.0,96040064.0,95263010.0,191303074.0,7.7,89.0,93.0,Nominated for 9 Oscars. 44 wins & 287 nominations total,A24|Central Pictures,both,discover_title_match,
1595210.0,tt39150922,Nuisance Bear,2026-01-24,2026,90.0,Documentary,,,,,8.0,65.0,,2 wins total,Documist|Rise Films|A24,tmdb,discover_only,"budget_usd,domestic_gross_usd,worldwide_gross_usd,rt_critics"
1422562.0,tt35524793,The Moment,2026-01-30,2026,103.0,Music|Comedy|Thriller,4000000.0,3917782.0,1250262.0,5168044.0,6.1,53.0,,,Studio365|A24|Atlantic Records|Good World|2AM,both,discover_title_match,"rt_critics,awards_raw"
1400731.0,tt34963034,André Is an Idiot,2026-02-06,2026,87.0,Documentary,,,,3207.0,7.8,78.0,97.0,4 wins & 3 nominations total,A24|Sandbox Films|Safehouse Pictures,both,discover_title_match,"budget_usd,domestic_gross_usd"
467905.0,tt4357198,How to Make a Killing,2026-02-16,2026,105.0,Comedy|Thriller,15000000.0,7851600.0,13746974.0,21598574.0,6.5,49.0,,,StudioCanal|StudioCanal UK|Blue Ice Africa|Blueprint Pictures,wiki,search_exact,"rt_critics,awards_raw"
1480387.0,tt35892608,undertone,2026-03-12,2026,94.0,Horror|Mystery,500000.0,17555961.0,4054836.0,21610797.0,6.1,65.0,74.0,,Black Fawn Films|Slaterverse Pictures|KINO Studios|Spooky Pictures|DimensionGate|Feel Everything Productions,wiki,search_exact,awards_raw
1517069.0,tt37660536,Marc by Sofia,2026-03-20,2026,87.0,Documentary,,,,306321.0,,,74.0,,This Machine Filmworks|Important Flowers|A24,both,discover_title_match,"budget_usd,domestic_gross_usd,imdb_rating,metascore,awards_raw"
1325734.0,tt33071426,The Drama,2026-04-01,2026,105.0,Romance|Comedy|Drama,28000000.0,48062006.0,84165787.0,132227793.0,7.2,59.0,,7 nominations total,A24|Square Peg|Dilemma Films,both,discover_title_match,rt_critics
1102883.0,tt27200708,Mother Mary,2026-04-16,2026,112.0,Music|Drama|Thriller,20000000.0,,,2980376.0,4.0,60.0,,,A24|Augenschein Filmproduktion|Topic Studios|Sailor Bear|IPR.VC|Homebird Productions|Access Entertainment,both,discover_title_match,"domestic_gross_usd,rt_critics,awards_raw"
1083381.0,tt26657236,Backrooms,2026-05-27,2026,111.0,Horror|Mystery|Science Fiction,10000000.0,190480127.0,184416225.0,374896352.0,7.0,77.0,,11 nominations total,Atomic Monster|21 Laps Entertainment|A24|Phobos|The North Road Company,both,discover_title_match,rt_critics
1284465.0,tt32273171,The Death of Robin Hood,2026-06-18,2026,123.0,Adventure|Drama|Thriller|Action,25000000.0,,,3200000.0,7.4,,,,Lyrical Media|Ryder Picture Company,wiki,search_exact,"domestic_gross_usd,metascore,rt_critics,awards_raw"
950028.0,tt14173636,The Invite,2026-06-25,2026,107.0,Drama|Comedy,,1369500.0,13792067.0,15161567.0,7.8,82.0,,2 wins & 5 nominations total,Annapurna Pictures|FilmNation Entertainment|Permut Presentations,wiki,search_exact,"budget_usd,rt_critics"
,,Steve! (Martin): A Documentary in 2 Pieces,,2024,,,,,,,,,,,,wiki,unresolved,"imdb_id,release_date,runtime_min,genres,budget_usd,domestic_gross_usd,worldwide_gross_usd,imdb_rating,metascore,rt_critics,awards_raw"
